[
  {"EnName":"Afghanistan","Name":"阿富汗","ConPic":"Countrie001"},
  {"EnName":"Angola","Name":"安哥拉","ConPic":"Countrie002"},
  {"EnName":"Albania","Name":"阿尔巴尼亚","ConPic":"Countrie003"},
  {"EnName":"United Arab Emirates","Name":"迪拜","ConPic":"Countrie004"},
  {"EnName":"Argentina","Name":"阿根廷","ConPic":"Countrie005"},
  {"EnName":"Armenia","Name":"亚美尼亚","ConPic":"Countrie006"},
  {"EnName":"French Southern and Antarctic Lands","Name":"法国南部和南极土地","ConPic":""},
  {"EnName":"Australia","Name":"澳大利亚","ConPic":"Countrie008"},
  {"EnName":"Austria","Name":"奥地利","ConPic":"Countrie009"},
  {"EnName":"Azerbaijan","Name":"阿塞拜疆","ConPic":"Countrie010"},
  {"EnName":"Burundi","Name":"布隆迪","ConPic":"Countrie011"},
  {"EnName":"Belgium","Name":"比利时","ConPic":"Countrie012"},
  {"EnName":"Benin","Name":"贝宁","ConPic":"Countrie013"},
  {"EnName":"Burkina Faso","Name":"布基纳法索","ConPic":"Countrie014"},
  {"EnName":"Bangladesh","Name":"孟加拉国","ConPic":"Countrie015"},
  {"EnName":"Bulgaria","Name":"保加利亚","ConPic":"Countrie016"},
  {"EnName":"The Bahamas","Name":"巴哈马","ConPic":"Countrie017"},
  {"EnName":"Bosnia and Herzegovina","Name":"波斯尼亚和黑塞哥维那","ConPic":"Countrie018"},
  {"EnName":"Belarus","Name":"白俄罗斯","ConPic":"Countrie019"},
  {"EnName":"Belize","Name":"伯利兹","ConPic":"Countrie020"},
  {"EnName":"Bermuda","Name":"百慕大","ConPic":""},
  {"EnName":"Bolivia","Name":"玻利维亚","ConPic":"Countrie022"},
  {"EnName":"Brazil","Name":"巴西","ConPic":"Countrie023"},
  {"EnName":"Brunei","Name":"文莱","ConPic":"Countrie024"},
  {"EnName":"Bhutan","Name":"不丹","ConPic":"Countrie025"},
  {"EnName":"Botswana","Name":"博茨瓦纳","ConPic":"Countrie026"},
  {"EnName":"Central African Republic","Name":"中非共和国","ConPic":"Countrie027"},
  {"EnName":"Canada","Name":"加拿大","ConPic":"Countrie028"},
  {"EnName":"Switzerland","Name":"瑞士","ConPic":"Countrie029"},
  {"EnName":"Chile","Name":"智利","ConPic":"Countrie030"},
  {"EnName":"China","Name":"中国","ConPic":"Countrie031"},
  {"EnName":"Ivory Coast","Name":"科特迪瓦","ConPic":"Countrie032"},
  {"EnName":"Cameroon","Name":"喀麦隆","ConPic":"Countrie033"},
  {"EnName":"Democratic Republic of the Congo","Name":"刚果（金）","ConPic":"Countrie034"},
  {"EnName":"Republic of the Congo","Name":"刚果（布）","ConPic":"Countrie035"},
  {"EnName":"Colombia","Name":"哥伦比亚","ConPic":"Countrie036"},
  {"EnName":"Costa Rica","Name":"哥斯达黎加","ConPic":"Countrie037"},
  {"EnName":"Cuba","Name":"古巴","ConPic":"Countrie038"},
  {"EnName":"Northern Cyprus","Name":"北塞浦路斯","ConPic":"Countrie039"},
  {"EnName":"Cyprus","Name":"塞浦路斯","ConPic":"Countrie040"},
  {"EnName":"Czech Republic","Name":"捷克","ConPic":"Countrie041"},
  {"EnName":"Germany","Name":"德国","ConPic":"Countrie042"},
  {"EnName":"Djibouti","Name":"吉布提","ConPic":"Countrie043"},
  {"EnName":"Denmark","Name":"丹麦","ConPic":"Countrie044"},
  {"EnName":"Dominican Republic","Name":"多米尼加","ConPic":"Countrie045"},
  {"EnName":"Algeria","Name":"阿尔及利亚","ConPic":"Countrie046"},
  {"EnName":"Ecuador","Name":"厄瓜多尔","ConPic":"Countrie047"},
  {"EnName":"Egypt","Name":"埃及","ConPic":"Countrie048"},
  {"EnName":"Eritrea","Name":"厄立特里亚","ConPic":"Countrie049"},
  {"EnName":"Spain","Name":"西班牙","ConPic":"Countrie050"},
  {"EnName":"Estonia","Name":"爱沙尼亚","ConPic":"Countrie051"},
  {"EnName":"Ethiopia","Name":"埃塞俄比亚","ConPic":"Countrie052"},
  {"EnName":"Finland","Name":"芬兰","ConPic":"Countrie053"},
  {"EnName":"Fiji","Name":"斐济","ConPic":"Countrie054"},
  {"EnName":"Falkland Islands","Name":"福克兰群岛","ConPic":"Countrie055"},
  {"EnName":"France","Name":"法国","ConPic":"Countrie056"},
  {"EnName":"Gabon","Name":"加蓬","ConPic":"Countrie057"},
  {"EnName":"United Kingdom","Name":"英国","ConPic":"Countrie058"},
  {"EnName":"Georgia","Name":"格鲁吉亚","ConPic":"Countrie059"},
  {"EnName":"Ghana","Name":"加纳","ConPic":"Countrie060"},
  {"EnName":"Guinea","Name":"几内亚","ConPic":"Countrie061"},
  {"EnName":"Gambia","Name":"冈比亚","ConPic":"Countrie062"},
  {"EnName":"Guinea Bissau","Name":"几内亚比绍","ConPic":"Countrie063"},
  {"EnName":"Equatorial Guinea","Name":"赤道几内亚","ConPic":"Countrie064"},
  {"EnName":"Greece","Name":"希腊","ConPic":"Countrie065"},
  {"EnName":"Greenland","Name":"格陵兰","ConPic":"Countrie066"},
  {"EnName":"Guatemala","Name":"危地马拉","ConPic":"Countrie067"},
  {"EnName":"French Guiana","Name":"法属圭亚那","ConPic":"Countrie068"},
  {"EnName":"Guyana","Name":"圭亚那","ConPic":"Countrie069"},
  {"EnName":"Honduras","Name":"洪都拉斯","ConPic":"Countrie070"},
  {"EnName":"Croatia","Name":"克罗地亚","ConPic":"Countrie071"},
  {"EnName":"Haiti","Name":"海地","ConPic":"Countrie072"},
  {"EnName":"Hungary","Name":"匈牙利","ConPic":"Countrie073"},
  {"EnName":"Indonesia","Name":"印度尼西亚","ConPic":"Countrie074"},
  {"EnName":"India","Name":"印度","ConPic":"Countrie075"},
  {"EnName":"Ireland","Name":"爱尔兰","ConPic":"Countrie076"},
  {"EnName":"Iran","Name":"伊朗","ConPic":"Countrie077"},
  {"EnName":"Iraq","Name":"伊拉克","ConPic":"Countrie078"},
  {"EnName":"Iceland","Name":"冰岛","ConPic":"Countrie079"},
  {"EnName":"Israel","Name":"以色列","ConPic":"Countrie080"},
  {"EnName":"Italy","Name":"意大利","ConPic":"Countrie081"},
  {"EnName":"Jamaica","Name":"牙买加","ConPic":"Countrie082"},
  {"EnName":"Jordan","Name":"约旦","ConPic":"Countrie083"},
  {"EnName":"Japan","Name":"日本","ConPic":"Countrie084"},
  {"EnName":"Kazakhstan","Name":"哈萨克斯坦","ConPic":"Countrie085"},
  {"EnName":"Kenya","Name":"肯尼亚","ConPic":"Countrie086"},
  {"EnName":"Kyrgyzstan","Name":"吉尔吉斯斯坦","ConPic":"Countrie087"},
  {"EnName":"Cambodia","Name":"柬埔寨","ConPic":"Countrie088"},
  {"EnName":"South Korea","Name":"韩国","ConPic":"Countrie089"},
  {"EnName":"Kosovo","Name":"科索沃","ConPic":"Countrie090"},
  {"EnName":"Kuwait","Name":"科威特","ConPic":"Countrie091"},
  {"EnName":"Laos","Name":"老挝","ConPic":"Countrie092"},
  {"EnName":"Lebanon","Name":"黎巴嫩","ConPic":"Countrie093"},
  {"EnName":"Liberia","Name":"利比里亚","ConPic":"Countrie094"},
  {"EnName":"Libya","Name":"利比亚","ConPic":"Countrie095"},
  {"EnName":"Sri Lanka","Name":"斯里兰卡","ConPic":"Countrie096"},
  {"EnName":"Lesotho","Name":"莱索托","ConPic":"Countrie097"},
  {"EnName":"Lithuania","Name":"立陶宛","ConPic":"Countrie098"},
  {"EnName":"Luxembourg","Name":"卢森堡","ConPic":"Countrie099"},
  {"EnName":"Latvia","Name":"拉脱维亚","ConPic":"Countrie100"},
  {"EnName":"Morocco","Name":"摩洛哥","ConPic":"Countrie101"},
  {"EnName":"Moldova","Name":"摩尔多瓦","ConPic":"Countrie102"},
  {"EnName":"Madagascar","Name":"马达加斯加","ConPic":"Countrie103"},
  {"EnName":"Mexico","Name":"墨西哥","ConPic":"Countrie104"},
  {"EnName":"Macedonia","Name":"马其顿,北马其顿","ConPic":"Countrie105"},
  {"EnName":"Mali","Name":"马里","ConPic":"Countrie106"},
  {"EnName":"Myanmar","Name":"缅甸","ConPic":"Countrie107"},
  {"EnName":"Montenegro","Name":"黑山","ConPic":"Countrie108"},
  {"EnName":"Mongolia","Name":"蒙古","ConPic":"Countrie109"},
  {"EnName":"Mozambique","Name":"莫桑比克","ConPic":"Countrie110"},
  {"EnName":"Mauritania","Name":"毛里塔尼亚","ConPic":"Countrie111"},
  {"EnName":"Malawi","Name":"马拉维","ConPic":"Countrie112"},
  {"EnName":"Malaysia","Name":"马来西亚","ConPic":"Countrie113"},
  {"EnName":"Namibia","Name":"纳米比亚","ConPic":"Countrie114"},
  {"EnName":"New Caledonia","Name":"新喀里多尼亚","ConPic":"Countrie115"},
  {"EnName":"Niger","Name":"尼日尔","ConPic":"Countrie116"},
  {"EnName":"Nigeria","Name":"尼日利亚","ConPic":"Countrie117"},
  {"EnName":"Nicaragua","Name":"尼加拉瓜","ConPic":"Countrie118"},
  {"EnName":"Netherlands","Name":"荷兰,库拉索","ConPic":"Countrie119"},
  {"EnName":"Norway","Name":"挪威","ConPic":"Countrie120"},
  {"EnName":"Nepal","Name":"尼泊尔","ConPic":"Countrie121"},
  {"EnName":"New Zealand","Name":"新西兰","ConPic":"Countrie122"},
  {"EnName":"Oman","Name":"阿曼","ConPic":"Countrie123"},
  {"EnName":"Pakistan","Name":"巴基斯坦","ConPic":"Countrie124"},
  {"EnName":"Panama","Name":"巴拿马","ConPic":"Countrie125"},
  {"EnName":"Peru","Name":"秘鲁","ConPic":"Countrie126"},
  {"EnName":"Philippines","Name":"菲律宾","ConPic":"Countrie127"},
  {"EnName":"Papua New Guinea","Name":"巴布亚新几内亚","ConPic":"Countrie128"},
  {"EnName":"Poland","Name":"波兰","ConPic":"Countrie129"},
  {"EnName":"Puerto Rico","Name":"波多黎各","ConPic":"Countrie130"},
  {"EnName":"North Korea","Name":"朝鲜","ConPic":"Countrie131"},
  {"EnName":"Portugal","Name":"葡萄牙","ConPic":"Countrie132"},
  {"EnName":"Paraguay","Name":"巴拉圭","ConPic":"Countrie133"},
  {"EnName":"Qatar","Name":"卡塔尔","ConPic":"Countrie134"},
  {"EnName":"Romania","Name":"罗马尼亚","ConPic":"Countrie135"},
  {"EnName":"Russia","Name":"俄罗斯","ConPic":"Countrie136"},
  {"EnName":"Rwanda","Name":"卢旺达","ConPic":"Countrie137"},
  {"EnName":"Western Sahara","Name":"西撒哈拉","ConPic":"Countrie138"},
  {"EnName":"Saudi Arabia","Name":"沙特阿拉伯","ConPic":"Countrie139"},
  {"EnName":"Sudan","Name":"苏丹","ConPic":"Countrie140"},
  {"EnName":"South Sudan","Name":"南苏丹","ConPic":"Countrie141"},
  {"EnName":"Senegal","Name":"塞内加尔","ConPic":"Countrie142"},
  {"EnName":"Solomon Islands","Name":"所罗门群岛","ConPic":"Countrie143"},
  {"EnName":"Sierra Leone","Name":"塞拉利昂","ConPic":"Countrie144"},
  {"EnName":"El Salvador","Name":"萨尔瓦多","ConPic":"Countrie145"},
  {"EnName":"Somaliland","Name":"索马里兰","ConPic":"Countrie146"},
  {"EnName":"Somalia","Name":"索马里","ConPic":"Countrie147"},
  {"EnName":"Republic of Serbia","Name":"塞尔维亚","ConPic":"Countrie148"},
  {"EnName":"Suriname","Name":"苏里南","ConPic":"Countrie149"},
  {"EnName":"Slovakia","Name":"斯洛伐克","ConPic":"Countrie150"},
  {"EnName":"Slovenia","Name":"斯洛文尼亚","ConPic":"Countrie151"},
  {"EnName":"Sweden","Name":"瑞典","ConPic":"Countrie152"},
  {"EnName":"Swaziland","Name":"斯威士兰","ConPic":"Countrie153"},
  {"EnName":"Syria","Name":"叙利亚","ConPic":"Countrie154"},
  {"EnName":"Chad","Name":"乍得","ConPic":"Countrie155"},
  {"EnName":"Togo","Name":"多哥","ConPic":"Countrie156"},
  {"EnName":"Thailand","Name":"泰国","ConPic":"Countrie157"},
  {"EnName":"Tajikistan","Name":"塔吉克斯坦","ConPic":"Countrie158"},
  {"EnName":"Turkmenistan","Name":"土库曼斯坦","ConPic":"Countrie159"},
  {"EnName":"East Timor","Name":"东帝汶","ConPic":"Countrie160"},
  {"EnName":"Trinidad and Tobago","Name":"特立尼达和多巴哥","ConPic":"Countrie161"},
  {"EnName":"Tunisia","Name":"突尼斯","ConPic":"Countrie162"},
  {"EnName":"Turkey","Name":"土耳其","ConPic":"Countrie163"},
  {"EnName":"United Republic of Tanzania","Name":"坦桑尼亚","ConPic":"Countrie164"},
  {"EnName":"Uganda","Name":"乌干达","ConPic":"Countrie165"},
  {"EnName":"Ukraine","Name":"乌克兰","ConPic":"Countrie166"},
  {"EnName":"Uruguay","Name":"乌拉圭","ConPic":"Countrie167"},
  {"EnName":"United States of America","Name":"美国","ConPic":"Countrie168"},
  {"EnName":"Uzbekistan","Name":"乌兹别克斯坦","ConPic":"Countrie169"},
  {"EnName":"Venezuela","Name":"委内瑞拉","ConPic":"Countrie170"},
  {"EnName":"Vietnam","Name":"越南","ConPic":"Countrie171"},
  {"EnName":"Vanuatu","Name":"瓦努阿图","ConPic":"Countrie172"},
  {"EnName":"West Bank","Name":"巴勒斯坦","ConPic":"Countrie173"},
  {"EnName":"Yemen","Name":"也门","ConPic":"Countrie174"},
  {"EnName":"South Africa","Name":"南非","ConPic":"Countrie175"},
  {"EnName":"Zambia","Name":"赞比亚","ConPic":"Countrie176"},
  {"EnName":"Zimbabwe","Name":"津巴布韦","ConPic":"Countrie177"},
  {"EnName":"","Name":"新加坡","ConPic":"Countrie178"},
  {"EnName":"","Name":"汤加","ConPic":"Countrie179"},
  {"EnName":"","Name":"巴林","ConPic":"Countrie180"},
  {"EnName":"","Name":"非洲","ConPic":""},
  {"EnName":"","Name":"毛里求斯","ConPic":"Countrie182"},
  {"EnName":"","Name":"塞舌尔","ConPic":"Countrie183"},
  {"EnName":"","Name":"马耳他","ConPic":"Countrie184"},
  {"EnName":"","Name":"佛得角","ConPic":"Countrie185"}  
]